Etrit Berisha, Albanien
Stivi Frasheri, Albanien
Alban Hoxha, Albanien
Orges Shehi, Albanien
Ansi Agolli, Albanien
Arlind Ajeti, Albanien
Naser Aliji, Albanien
Debatik Çurri, Albanien
Elseid Hysaj, Albanien
Andi Lila, Albanien
Mërgim Mavraj, Albanien
Amir Rrahmani, Albanien
Berat Xhimshiti, Albanien
Amir Abrashi, Albanien
Migjen Basha, Albanien
Ervin Bulku, Albanien
Lorik Cana, Albanien
Jahmir Hyka, Albanien
Ergys Kaçe, Albanien
Burim Kukeli, Albanien
Ermir Lenjani, Albanien
Alban Meha, Albanien
Ledian Memushaj, Albanien
Odise Roshi, Albanien
Herolind Shala, Albanien
Emilian Vila, Albanien
Taulant Xhaka, Albanien
Bekim Balaj, Albanien
Sokol Çikalleshi, Albanien
Shkelzen Gashi, Albanien
Edmond Kapllani, Albanien
Valdet Rama, Albanien
Armando Sadiku, Albanien
Hamdi Salihi, Albanien
Armando Vajushi, Albanien
Thibaut Courtois, Belgien
Jean-François Gillet, Belgien
Simon Mignolet, Belgien
Matz Sels, Belgien
Toby Alderweireld, Belgien
Dedryck Boyata, Belgien
Luis Cavanda, Belgien
Laurent Ciman, Belgien
Laurens De Bock, Belgien
Jason Denayer, Belgien
Olivier Deschacht, Belgien
Vincent Kompany, Belgien
Nicolas Lombaerts, Belgien
Jordan Lukaku, Belgien
Thomas Meunier, Belgien
Sébastien Pocognoli, Belgien
Jelle Van Damme, Belgien
Anthony Vanden Borre, Belgien
Thomas Vermaelen, Belgien
Jan Vertonghen, Belgien
Nacer Chadli, Belgien
Kevin De Bruyne, Belgien
Steven Defour, Belgien
Leander Dendoncker, Belgien
Eden Hazard, Belgien
Adnan Januzaj, Belgien
Sven Kums, Belgien
Kevin Mirallas, Belgien
Radja Nainggolan, Belgien
Youri Tielemans, Belgien
Axel Witsel, Belgien
Zakaria Bakkali, Belgien
Michy Batshuayi, Belgien
Christian Benteke, Belgien
Yannick Carrasco, Belgien
Mousa Dembélé, Belgien
Laurent Depoitre, Belgien
Marouane Fellaini, Belgien
Romelu Lukaku, Belgien
Dries Mertens, Belgien
Divock Origi, Belgien
Jack Butland, England
Fraser Forster, England
Ben Foster, England
Rob Green, England
Joe Hart, England
Tom Heaton, England
Leighton Baines, England
Ryan Bertrand, England
Gary Cahill, England
Calum Chambers, England
Nathaniel Clyne, England
Kieran Gibbs, England
Phil Jagielka, England
Phil Jones, England
Danny Rose, England
Luke Shaw, England
Chris Smalling, England
John Stones, England
Kyle Walker, England
Dele Alli, England
Ross Barkley, England
Michael Carrick, England
Tom Cleverley, England
Jack Colback, England
Fabian Delph, England
Stewart Downing, England
Jordan Henderson, England
Adam Lallana, England
Ryan Mason, England
James Milner, England
Alex Oxlade-Chamberlain, England
Jonjo Shelvey, England
Raheem Sterling, England
Andros Townsend, England
Jack Wilshere, England
Charlie Austin, England
Saido Berahino, England
Danny Ings, England
Harry Kane, England
Rickie Lambert, England
Wayne Rooney, England
Daniel Sturridge, England
Jamie Vardy, England
Theo Walcott, England
Danny Welbeck, England
Benoît Costil, Frankrike
Hugo Lloris, Frankrike
Steve Mandanda, Frankrike
Lucas Digne, Frankrike
Patrice Evra, Frankrike
Christophe Jallet, Frankrike
Laurent Koscielny, Frankrike
Eliaquim Mangala, Frankrike
Adil Rami, Frankrike
Bacary Sagna, Frankrike
Samuel Umtiti, Frankrike
Yohan Cabaye, Frankrike
Kingsley Coman, Frankrike
N'Golo Kanté, Frankrike
Blaise Matuidi, Frankrike
Dimitri Payet, Frankrike
Paul Pogba, Frankrike
Morgan Schneiderlin, Frankrike
Moussa Sissoko, Frankrike
André-Pierre Gignac, Frankrike
Olivier Giroud, Frankrike
Antoine Griezmann, Frankrike
Anthony Martial, Frankrike
Rob Elliot, Irland
David Forde, Irland
Shay Given, Irland
Stephen Henderson, Irland
Darren Randolph, Irland
Keiren Westwood, Irland
Cyrus Christie, Irland
Ciaran Clark, Irland
Seamus Coleman, Irland
Richard Keogh, Irland
Paul McShane, Irland
John O'Shea, Irland
Alex Pearce, Irland
Stephen Ward, Irland
Marc Wilson, Irland
Harry Arter, Irland
Robbie Brady, Irland
Darron Gibson, Irland
Jeff Hendrick, Irland
Wes Hoolahan, Irland
Alan Judge, Irland
James McCarthy, Irland
James McClean, Irland
Aiden McGeady, Irland
David Meyler, Irland
Eunan O'Kane, Irland
Anthony Pilkington, Irland
Stephen Quinn, Irland
Glenn Whelan, Irland
Kevin Doyle, Irland
Robbie Keane, Irland
Shane Long, Irland
David McGoldrick, Irland
Daryl Murphy, Irland
Anthony Stokes, Irland
Jon Walters, Irland
Gunnleifur Gunnleifsson, Island
Hannes Halldórsson, Island
Ingvar Jónsson, Island
Ögmundur Kristinsson, Island
Róbert Óskarsson, Island
Elmar Bjarnason, Island
Hólmar Eyjólfsson, Island
Jón Gudni Fjóluson, Island
Haukur Heidar Hauksson, Island
Hallgrímur Jónasson, Island
Kristinn Jónsson, Island
Hordur Magnússon, Island
Sölvi Ottesen, Island
Gudlaugur Pálsson, Island
Birkir Sævarsson, Island
Ragnar Sigurdsson, Island
Ari Skúlason, Island
Kári Árnason, Island
Birkir Bjarnason, Island
Helgi Daníelsson, Island
Rúrik Gíslason, Island
Aron Gunnarsson, Island
Emil Hallfredsson, Island
Gylfi Sigurdsson, Island
Rúnar Már Sigurjónsson, Island
Ólafur Skúlason, Island
Thórarinn Valdimarsson, Island
Jón Dadi Bödvarsson, Island
Alfred Finnbogason, Island
Eidur Gudjohnsen, Island
Johann Gudmundsson, Island
Vidar Orn Kjartansson, Island
Kolbeinn Sigthórsson, Island
Gianluigi Buffon, Italien
Federico Marchetti, Italien
Daniele Padelli, Italien
Mattia Perin, Italien
Salvatore Sirigu, Italien
Francesco Acerbi, Italien
Luca Antonelli, Italien
Davide Astori, Italien
Andrea Barzagli, Italien
Leonardo Bonucci, Italien
Giorgio Chiellini, Italien
Domenico Criscito, Italien
Matteo Darmian, Italien
Mattia De Sciglio, Italien
Lorenzo De Silvestri, Italien
Alessandro Florenzi, Italien
Emanuele Giaccherini, Italien
Emiliano Moretti, Italien
Angelo Ogbonna, Italien
Manuel Pasqual, Italien
Andrea Ranocchia, Italien
Daniele Rugani, Italien
Davide Santon, Italien
Alberto Aquilani, Italien
Andrea Bertolacci, Italien
Giacomo Bonaventura, Italien
Antonio Candreva, Italien
Daniele De Rossi, Italien
Claudio Marchisio, Italien
Riccardo Montolivo, Italien
Marco Parolo, Italien
Andrea Pirlo, Italien
Andrea Poli, Italien
Roberto Soriano, Italien
Thiago Motta, Italien
Mirko Valdifiori, Italien
Franco Vázquez, Italien
Marco Verratti, Italien
Mario Balotelli, Italien
Alessio Cerci, Italien
Mattia Destro, Italien
Éder, Italien
Stephan El Shaarawy, Italien
Manolo Gabbiadini, Italien
Sebastian Giovinco, Italien
Ciro Immobile, Italien
Lorenzo Insigne, Italien
Alessandro Matri, Italien
Pablo Osvaldo, Italien
Graziano Pellè, Italien
Fabio Quagliarella, Italien
Nicola Sansone, Italien
Simone Zaza, Italien
Lovre Kalinić, Kroatien
Danijel Subašić, Kroatien
Ivan Vargić, Kroatien
Duje Ćaleta-Car, Kroatien
Vedran Ćorluka, Kroatien
Tin Jedvaj, Kroatien
Marin Leovac, Kroatien
Marko Lešković, Kroatien
Dejan Lovren, Kroatien
Hrvoje Milić, Kroatien
Matej Mitrović, Kroatien
Gordon Schildenfeld, Kroatien
Ivan Strinić, Kroatien
Ivan Tomečak, Kroatien
Domagoj Vida, Kroatien
Šime Vrsaljko, Kroatien
Domagoj Antolić, Kroatien
Milan Badelj, Kroatien
Marcelo Brozović, Kroatien
Mijo Caktaš, Kroatien
Alen Halilović, Kroatien
Mato Jajalo, Kroatien
Mateo Kovačić, Kroatien
Luka Modrić, Kroatien
Mario Pašalić, Kroatien
Ivan Perišić, Kroatien
Josip Pivarić, Kroatien
Danijel Pranjić, Kroatien
Ivan Rakitić, Kroatien
Darijo Srna, Kroatien
Duje Čop, Kroatien
Nikica Jelavić, Kroatien
Nikola Kalinić, Kroatien
Andrej Kramarić, Kroatien
Mario Mandžukić, Kroatien
Ivica Olić, Kroatien
Marko Pjaca, Kroatien
Ante Rebić, Kroatien
Anas Sharbini, Kroatien
Roy Carroll, Nordirland
Trevor Carson, Nordirland
Alan Mannus, Nordirland
Michael McGovern, Nordirland
Maik Taylor, Nordirland
Chris Baird, Nordirland
Craig Cathcart, Nordirland
Jonny Evans, Nordirland
Lee Hodson, Nordirland
Aaron Hughes, Nordirland
Daniel Lafferty, Nordirland
Rory McArdle, Nordirland
Gareth McAuley, Nordirland
Luke McCullough, Nordirland
Ryan McGivern, Nordirland
Conor McLaughlin, Nordirland
Ryan McLaughlin, Nordirland
Paddy McNair, Nordirland
Chris Brunt, Nordirland
Sammy Clingan, Nordirland
Stuart Dallas, Nordirland
Steven Davis, Nordirland
Corry Evans, Nordirland
Shane Ferguson, Nordirland
Matthew Lund, Nordirland
Josh Magennis, Nordirland
Paddy McCourt, Nordirland
Oliver Norwood, Nordirland
Paul Paton, Nordirland
Ben Reeves, Nordirland
Jamie Ward, Nordirland
Liam Boyce, Nordirland
Will Grigg, Nordirland
Kyle Lafferty, Nordirland
Caolan Lavery, Nordirland
Andrew Little, Nordirland
Niall McGinn, Nordirland
Billy McKay, Nordirland
Artur Boruc, Polen
Łukasz Fabiański, Polen
Wojciech Szczęsny, Polen
Przemysław Tytoń, Polen
Łukasz Broź, Polen
Thiago Cionek, Polen
Kamil Glik, Polen
Rafał Janicki, Polen
Artur Jędrzejczyk, Polen
Tomasz Jodłowiec, Polen
Tomasz Kędziora, Polen
Marcin Komorowski, Polen
Paweł Olkowski, Polen
Michał Pazdan, Polen
Łukasz Piszczek, Polen
Maciej Sadlok, Polen
Łukasz Szukała, Polen
Jakub Wawrzyniak, Polen
Grzegorz Wojtkowiak, Polen
Jakub Błaszczykowski, Polen
Ariel Borysiuk, Polen
Maciej Gajos, Polen
Kamil Grosicki, Polen
Bartosz Kapustka, Polen
Mateusz Klich, Polen
Grzegorz Krychowiak, Polen
Karol Linetty, Polen
Krzysztof Mączyński, Polen
Sebastian Mila, Polen
Sławomir Peszko, Polen
Maciej Rybus, Polen
Kamil Wilczek, Polen
Piotr Zieliński, Polen
Michał Kucharczyk, Polen
Robert Lewandowski, Polen
Arkadiusz Milik, Polen
Artur Sobiech, Polen
Waldemar Sobota, Polen
Filip Starzyński, Polen
Łukasz Teodorczyk, Polen
Mateusz Zachara, Polen
Michał Żyro, Polen
Beto, Portugal
Eduardo, Portugal
Anthony Lopes, Portugal
Rui Patrício, Portugal
Ventura, Portugal
André Almeida, Portugal
Antunes, Portugal
José Bosingwa, Portugal
Bruno Alves, Portugal
Ricardo Carvalho, Portugal
Cédric, Portugal
Fábio Coentrão, Portugal
Eliseu, Portugal
José Fonte, Portugal
Ivo Pinto, Portugal
João Pereira, Portugal
Luís Neto, Portugal
Paulo Oliveira, Portugal
Pepe, Portugal
Raphael Guerreiro, Portugal
Ricardo Costa, Portugal
Rúben Vezo, Portugal
Nélson Semedo, Portugal
Tiago Gomes, Portugal
Adrien Silva, Portugal
André André, Portugal
André Gomes, Portugal
Bernardo Silva, Portugal
Bruma, Portugal
Daniel Carriço, Portugal
Danilo, Portugal
Danny, Portugal
João Mário, Portugal
João Moutinho, Portugal
Miguel Veloso, Portugal
Pedro Tiba, Portugal
Rafa Silva, Portugal
Raul Meireles, Portugal
Tiago, Portugal
Vieirinha, Portugal
William Carvalho, Portugal
Éder, Portugal
Hélder Postiga, Portugal
Hugo Almeida, Portugal
Ivan Cavaleiro, Portugal
Nani, Portugal
Ricardo Quaresma, Portugal
Ricardo, Portugal
Ricardo Horta, Portugal
Cristiano Ronaldo, Portugal
Rui Fonte, Portugal
Silvestre Varela, Portugal
Cristian Bălgrădean, Rumänien
Silviu Lung, Rumänien
Costel Pantilimon, Rumänien
Ciprian Tătăruşanu, Rumänien
Vlad Chiricheş, Rumänien
Valerică Găman, Rumänien
Florin Gardoş, Rumänien
Dorin Goian, Rumänien
Constantin Grecu, Rumänien
Dragoş Grigore, Rumänien
Iasmin Latovlevici, Rumänien
Srgian Luchin, Rumänien
Cristian Manea, Rumänien
Alexandru Măţel, Rumänien
Bogdan Mitrea, Rumänien
Cosmin Moţi, Rumänien
Răzvan Raţ, Rumänien
Cristian Săpunaru, Rumänien
László Sepsi, Rumänien
Gabriel Tamaş, Rumänien
Vlad Achim, Rumänien
Eric Bicfalvi, Rumänien
Claudiu Bumba, Rumänien
Alexandru Chipciu, Rumänien
Gabriel Enache, Rumänien
Steliano Filip, Rumänien
Ovidiu Hoban, Rumänien
Alexandru Maxim, Rumänien
Dan Nistor, Rumänien
Paul Papp, Rumänien
Mihai Pintilii, Rumänien
Andrei Prepeliţă, Rumänien
Lucian Sânmărtean, Rumänien
Nicolae Stanciu, Rumänien
Cristian Tănase, Rumänien
Gabriel Torje, Rumänien
Bogdan Vătăjelu, Rumänien
Denis Alibec, Rumänien
Florin Andone, Rumänien
Constantin Budescu, Rumänien
Claudiu Keșerü, Rumänien
Ciprian Marica, Rumänien
Adrian Popa, Rumänien
George Puşcaş, Rumänien
Raul Rusescu, Rumänien
Bogdan Stancu, Rumänien
Igor Akinfeev, Ryssland
Yuri Lodygin, Ryssland
Artem Rebrov, Ryssland
Sergei Ryzhikov, Ryssland
Aleksei Berezutski, Ryssland
Vasili Berezutski, Ryssland
Nikita Chernov, Ryssland
Vladimir Granat, Ryssland
Sergei Ignashevich, Ryssland
Aleksei Kozlov, Ryssland
Oleg Kuzmin, Ryssland
Evgeni Makeev, Ryssland
Ivan Novoseltsev, Ryssland
Sergei Parshivlyuk, Ryssland
Georgi Schennikov, Ryssland
Andrei Semenov, Ryssland
Roman Shishkin, Ryssland
Igor Smolnikov, Ryssland
Denis Cheryshev, Ryssland
Igor Denisov, Ryssland
Alan Dzagoev, Ryssland
Aleksandr Erokhin, Ryssland
Viktor Fayzulin, Ryssland
Yuri Gazinski, Ryssland
Denis Glushakov, Ryssland
Maksim Grigoryev, Ryssland
Aleksei Ionov, Ryssland
Oleg Ivanov, Ryssland
Alan Kasaev, Ryssland
Dmitri Kombarov, Ryssland
Pavel Mamaev, Ryssland
Aleksei Miranchuk, Ryssland
Elmir Nabiullin, Ryssland
Magomed Ozdoev, Ryssland
Aleksandr Samedov, Ryssland
Oleg Shatov, Ryssland
Roman Shirokov, Ryssland
Dmitri Tarasov, Ryssland
Dmitri Torbinski, Ryssland
Yuri Zhirkov, Ryssland
Artem Dzyuba, Ryssland
Maksim Kanunnikov, Ryssland
Aleksandr Kerzhakov, Ryssland
Aleksandr Kokorin, Ryssland
Dmitri Poloz, Ryssland
Igor Portnyagin, Ryssland
Fedor Smolov, Ryssland
Roman Bürki, Schweiz
Marwin Hitz, Schweiz
Yvon Mvogo, Schweiz
Yann Sommer, Schweiz
Loris Benito, Schweiz
Johan Djourou, Schweiz
Timm Klose, Schweiz
Michael Lang, Schweiz
Stephan Lichtsteiner, Schweiz
François Moubandje, Schweiz
Ricardo Rodriguez, Schweiz
Fabian Schär, Schweiz
Philippe Senderos, Schweiz
Steve von Bergen, Schweiz
Tranquillo Barnetta, Schweiz
Valon Behrami, Schweiz
Blerim Dzemaili, Schweiz
Gelson Fernandes, Schweiz
Fabian Frei, Schweiz
Gökhan Inler, Schweiz
Pajtim Kasami, Schweiz
Fabian Lustenberger, Schweiz
Marco Schönbächler, Schweiz
Renato Steffen, Schweiz
Valentin Stocker, Schweiz
Silvan Widmer, Schweiz
Granit Xhaka, Schweiz
Luca Zuffi, Schweiz
Eren Derdiyok, Schweiz
Josip Drmic, Schweiz
Breel Embolo, Schweiz
Michael Frey, Schweiz
Admir Mehmedi, Schweiz
Haris Seferovic, Schweiz
Xherdan Shaqiri, Schweiz
Martin Dúbravka, Slovakien
Matúš Kozáčik, Slovakien
Ján Mucha, Slovakien
Ján Novota, Slovakien
Erik Čikoš, Slovakien
Ján Ďurica, Slovakien
Norbert Gyömber, Slovakien
Tomáš Hubočan, Slovakien
Ľubomír Michalík, Slovakien
Peter Pekarík, Slovakien
Jozef Piaček, Slovakien
Kornel Saláta, Slovakien
Martin Škrtel, Slovakien
Lukáš Tesák, Slovakien
Michal Breznaník, Slovakien
Ondrej Duda, Slovakien
Ján Greguš, Slovakien
Karim Guédé, Slovakien
Marek Hamšík, Slovakien
Patrik Hrošovský, Slovakien
Filip Kiss, Slovakien
Juraj Kucka, Slovakien
Róbert Mak, Slovakien
Viktor Pečovský, Slovakien
Erik Sabo, Slovakien
Miroslav Stoch, Slovakien
Dušan Švento, Slovakien
Vladimír Weiss, Slovakien
Michal Ďuriš, Slovakien
Filip Hološko, Slovakien
Martin Jakubko, Slovakien
Adam Nemec, Slovakien
Stanislav Šesták, Slovakien
Jakub Sylvestr, Slovakien
Róbert Vittek, Slovakien
Kiko Casilla, Spanien
Iker Casillas, Spanien
David de Gea, Spanien
Sergio Rico, Spanien
Sergio Asenjo, Spanien
Raúl Albiol, Spanien
Aleix Vidal, Spanien
César Azpilicueta, Spanien
Marc Bartra, Spanien
Juan Bernat, Spanien
Dani Carvajal, Spanien
Xabier Etxeita, Spanien
Jordi Alba, Spanien
Juanfran, Spanien
Mario Gaspar, Spanien
Nacho, Spanien
Gerard Piqué, Spanien
Sergio Ramos, Spanien
Mikel San José, Spanien
Bruno Soriano, Spanien
Sergio Busquets, Spanien
Ignacio Camacho, Spanien
Cesc Fàbregas, Spanien
Andrés Iniesta, Spanien
Isco, Spanien
Ander Iturraspe, Spanien
Juan Mata, Spanien
Juanmi, Spanien
Koke, Spanien
Mario Suárez, Spanien
Santi Cazorla, Spanien
David Silva, Spanien
Thiago Alcántara, Spanien
Vitolo, Spanien
José Callejón, Spanien
Diego Costa, Spanien
Álvaro Morata, Spanien
Munir El Haddadi, Spanien
Nolito, Spanien
Paco Alcácer, Spanien
Pedro Rodríguez, Spanien
Raúl García, Spanien
Rodrigo, Spanien
Patrik Carlgren, Sverige
Johan Dahlin, Sverige
Andreas Isaksson, Sverige
Karl-Johan Johnsson, Sverige
Kristoffer Nordfeldt, Sverige
Robin Olsen, Sverige
Mikael Antonsson, Sverige
Ludwig Augustinsson, Sverige
Pierre Bengtsson, Sverige
Andreas Granqvist, Sverige
Filip Helander, Sverige
Pontus Jansson, Sverige
Erik Johansson, Sverige
Mattias Johansson, Sverige
Mikael Lustig, Sverige
Aleksander Milosevic, Sverige
Per Nilsson, Sverige
Jonas Olsson, Sverige
Martin Olsson, Sverige
Anton Tinnerholm, Sverige
Oscar Wendt, Sverige
Nabil Bahoui, Sverige
Jimmy Durmaz, Sverige
Albin Ekdal, Sverige
Erkan Zengin, Sverige
Emil Forsberg, Sverige
Oscar Hiljemark, Sverige
Niklas Hult, Sverige
Alexander Kacaniklic, Sverige
Kim Källström, Sverige
Abdullah Khalili, Sverige
Sebastian Larsson, Sverige
Oscar Lewicki, Sverige
Robin Quaison, Sverige
Marcus Rohdén, Sverige
Gustav Svensson, Sverige
Pontus Wernbloom, Sverige
Marcus Berg, Sverige
Johan Elmander, Sverige
John Guidetti, Sverige
Branimir Hrgota, Sverige
Tobias Hysén, Sverige
Zlatan Ibrahimović, Sverige
Isaac Kiese Thelin, Sverige
Emir Kujovic, Sverige
Ola Toivonen, Sverige
David Bičík, Tjeckien
Petr Čech, Tjeckien
Aleš Hruška, Tjeckien
Tomáš Koubek, Tjeckien
Jiří Pavlenka, Tjeckien
Tomáš Vaclík, Tjeckien
Theodor Gebre Selassie, Tjeckien
Mario Holek, Tjeckien
Pavel Kadeřábek, Tjeckien
Michal Kadlec, Tjeckien
Tomáš Kalas, Tjeckien
David Limberský, Tjeckien
Ondřej Mazuch, Tjeckien
Filip Novák, Tjeckien
Václav Procházka, Tjeckien
František Rajtoral, Tjeckien
Radim Řezník, Tjeckien
Tomáš Sivok, Tjeckien
Marek Suchý, Tjeckien
Vladimír Darida, Tjeckien
Bořek Dočkal, Tjeckien
Martin Frýdek, Tjeckien
Tomáš Hořava, Tjeckien
Tomáš Hübschman, Tjeckien
Petr Jiráček, Tjeckien
Daniel Kolář, Tjeckien
Jan Kopic, Tjeckien
Jan Kovařík, Tjeckien
Ladislav Krejčí, Tjeckien
David Pavelka, Tjeckien
Milan Petržela, Tjeckien
Václav Pilař, Tjeckien
Jaroslav Plašil, Tjeckien
Martin Pospíšil, Tjeckien
Daniel Pudil, Tjeckien
Tomáš Rosický, Tjeckien
Jiří Skalák, Tjeckien
Lukáš Vácha, Tjeckien
Ondřej Vaněk, Tjeckien
Adam Hloušek, Tjeckien
Václav Kadlec, Tjeckien
David Lafata, Tjeckien
Tomáš Necid, Tjeckien
Milan Škoda, Tjeckien
Josef Šural, Tjeckien
Matěj Vydra, Tjeckien
Ali Şaşal Vural, Turkiet
Harun Tekin, Turkiet
Hayrullah Akyüz, Turkiet
Mert Günok, Turkiet
Onur Kıvrak, Turkiet
Tolga Zengin, Turkiet
Volkan Babacan, Turkiet
Volkan Demirel, Turkiet
Emre Taşdemir, Turkiet
Ersan Gülüm, Turkiet
Gökhan Gönül, Turkiet
Hakan Balta, Turkiet
İsmail Köybaşı, Turkiet
Ömer Toprak, Turkiet
Semih Kaya, Turkiet
Şener Özbayraklı, Turkiet
Serdar Aziz, Turkiet
Tarık Çamdal, Turkiet
Ümit Kurt, Turkiet
Ahmet İlhan Özek, Turkiet
Alper Potuk, Turkiet
Arda Turan, Turkiet
Bilal Kısa, Turkiet
Caner Erkin, Turkiet
Emre Belözoğlu, Turkiet
Gökhan Töre, Turkiet
Güray Vural, Turkiet
Hamit Altıntop, Turkiet
Kaan Ayhan, Turkiet
Mahmut Tekdemir, Turkiet
Mehmet Ekici, Turkiet
Mehmet Topal, Turkiet
Oğuzhan Özyakup, Turkiet
Okay Yokuşlu, Turkiet
Olcan Adın, Turkiet
Ozan Tufan, Turkiet
Selçuk İnan, Turkiet
Volkan Şen, Turkiet
Yasin Öztekin, Turkiet
Adem Büyük, Turkiet
Batuhan Karadeniz, Turkiet
Burak Yılmaz, Turkiet
Cenk Tosun, Turkiet
Hakan Çalhanoğlu, Turkiet
Colin Kazım Richards, Turkiet
Mevlüt Erdinç, Turkiet
Muhammet Demir, Turkiet
Mustafa Pektemek, Turkiet
Olcay Şahan, Turkiet
Umut Bulut, Turkiet
Bernd Leno, Tyskland
Manuel Neuer, Tyskland
Marc-André ter Stegen, Tyskland
Kevin Trapp, Tyskland
Roman Weidenfeller, Tyskland
Ron-Robert Zieler, Tyskland
Holger Badstuber, Tyskland
Jérôme Boateng, Tyskland
Erik Durm, Tyskland
Matthias Ginter, Tyskland
Kevin Grosskreutz, Tyskland
Jonas Hector, Tyskland
Benedikt Höwedes, Tyskland
Mats Hummels, Tyskland
Shkodran Mustafi, Tyskland
Antonio Rüdiger, Tyskland
Sebastian Rudy, Tyskland
Karim Bellarabi, Tyskland
Lars Bender, Tyskland
Emre Can, Tyskland
Julian Draxler, Tyskland
Mario Götze, Tyskland
İlkay Gündoğan, Tyskland
Sami Khedira, Tyskland
Christoph Kramer, Tyskland
Toni Kroos, Tyskland
Mesut Özil, Tyskland
Marco Reus, Tyskland
Sidney Sam, Tyskland
André Schürrle, Tyskland
Bastian Schweinsteiger, Tyskland
Mario Gomez, Tyskland
Patrick Herrmann, Tyskland
Max Kruse, Tyskland
Thomas Müller, Tyskland
Lukas Podolski, Tyskland
Kevin Volland, Tyskland
Dmytro Bezotosniy, Ukraina
Denys Boyko, Ukraina
Rustam Khudzhamov, Ukraina
Andriy Pyatov, Ukraina
Olexandr Rybka, Ukraina
Mykyta Shevchenko, Ukraina
Mykyta Burda, Ukraina
Artem Fedetskiy, Ukraina
Yevhen Khacheridi, Ukraina
Pavlo Ksonz, Ukraina
Olexandr Kucher, Ukraina
Yevhen Makarenko, Ukraina
Maksym Malyshev, Ukraina
Mykola Morozyuk, Ukraina
Ivan Ordets, Ukraina
Andriy Pylyavskyi, Ukraina
Yaroslav Rakitskiy, Ukraina
Vyacheslav Shevchuk, Ukraina
Vitaliy Vernydub, Ukraina
Roman Bezus, Ukraina
Edmar, Ukraina
Denys Garmash, Ukraina
Artem Gromov, Ukraina
Oleh Gusev, Ukraina
Mykyta Kamenyuka, Ukraina
Oleksandr Karavayev, Ukraina
Dmytro Khomchenovskiy, Ukraina
Yevhen Konoplyanka, Ukraina
Kyrylo Kovalchuk, Ukraina
Viktor Kovalenko, Ukraina
Ruslan Malinovskiy, Ukraina
Ivan Petriak, Ukraina
Pavlo Rebenok, Ukraina
Ruslan Rotan, Ukraina
Serhiy Rybalka, Ukraina
Yevhen Shakhov, Ukraina
Taras Stepanenko, Ukraina
Serhiy Sydorchuk, Ukraina
Anatoliy Tymoshchuk, Ukraina
Olexandr Zinchenko, Ukraina
Pylyp Budkivskiy, Ukraina
Olexandr Gladkiy, Ukraina
Volodymyr Homenyuk, Ukraina
Artem Kravets, Ukraina
Denys Oliynyk, Ukraina
Yevhen Seleznyov, Ukraina
Andriy Yarmolenko, Ukraina
Roman Zozulya, Ukraina
Ádám Bogdán, Ungern
Dénes Dibusz, Ungern
Péter Gulácsi, Ungern
Gábor Király, Ungern
Balázs Megyeri, Ungern
Predrag Bošnjak, Ungern
Attila Fiola, Ungern
Gyula Forró, Ungern
Richárd Guzmics, Ungern
Tibor Heffler, Ungern
Roland Juhász, Ungern
Tamás Kádár, Ungern
Zsolt Korcsmár, Ungern
Mihály Korhut, Ungern
Ádám Lang, Ungern
Leandro, Ungern
Zoltán Lipták, Ungern
Attila Osváth, Ungern
Ádám Pintér, Ungern
Patrik Poór, Ungern
Roland Szolnoki, Ungern
Vilmos Vanczák, Ungern
Balázs Balogh, Ungern
Ádám Bódi, Ungern
Balázs Dzsudzsák, Ungern
Ákos Elek, Ungern
Tamás Hajnal, Ungern
Zsolt Kalmár, Ungern
László Kleinheisler, Ungern
Vladimir Koman, Ungern
István Kovács, Ungern
Dávid Márkvárt, Ungern
Ádám Nagy, Ungern
Ádám Simon, Ungern
Krisztián Simon, Ungern
Zoltan Stieber, Ungern
Dániel Tőzsér, Ungern
József Varga, Ungern
László Zsidai, Ungern
Dániel Böde, Ungern
Zoltán Gera, Ungern
Ádám Gyurcsó, Ungern
Gergő Lovrencsics, Ungern
Krisztián Németh, Ungern
Nemanja Nikolić, Ungern
Tamás Priskin, Ungern
Gergely Rudolf, Ungern
Ádám Szalai, Ungern
Roland Varga, Ungern
Wayne Hennessey, Wales
Kyle Letheren, Wales
Danny Ward, Wales
Owain Williams, Wales
James Chester, Wales
James Collins, Wales
Ben Davies, Wales
Paul Dummett, Wales
Morgan Fox, Wales
Danny Gabbidon, Wales
Chris Gunter, Wales
Adam Henley, Wales
Declan John, Wales
Adam Matthews, Wales
Ashley Richards, Wales
Sam Ricketts, Wales
Neil Taylor, Wales
Joseph Walsh, Wales
Ashley Williams, Wales
Jordan Williams, Wales
Joe Allen, Wales
Gareth Bale, Wales
David Edwards, Wales
Gwion Edwards, Wales
Emyr Huws, Wales
Andy King, Wales
Tom Lawrence, Wales
Joe Ledley, Wales
Shaun MacDonald, Wales
Aaron Ramsey, Wales
David Vaughan, Wales
Jonathan Williams, Wales
Simon Church, Wales
David Cotterill, Wales
Hal Robson-Kanu, Wales
Jake Taylor, Wales
Sam Vokes, Wales
George Williams, Wales
Robert Almer, Österrike
Heinz Lindner, Österrike
Ramazan Özcan, Österrike
David Alaba, Österrike
Aleksandar Dragovic, Österrike
Christian Fuchs, Österrike
Martin Hinteregger, Österrike
Florian Klein, Österrike
Michael Madl, Österrike
Sebastian Prödl, Österrike
Markus Suttner, Österrike
Andreas Ulmer, Österrike
Kevin Wimmer, Österrike
Julian Baumgartlinger, Österrike
György Garics, Österrike
Stefan Ilsanker, Österrike
Jakob Jantscher, Österrike
Zlatko Junuzovic, Österrike
Valentino Lazaro, Österrike
Christoph Leitgeb, Österrike
Philipp Schobesberger, Österrike
Stefan Schwab, Österrike
Veli Kavlak, Österrike
Yasin Pehlivan, Österrike
Marko Arnautovic, Österrike
Marco Djuricin, Österrike
Martin Harnik, Österrike
Lukas Hinterseer, Österrike
Marc Janko, Österrike
Rubin Okotie, Österrike
Marcel Sabitzer, Österrike
Andreas Weimann, Österrike
